Nombre,Apellido,Telefono,Rol,Departamento,Suc/Agen
ERICK ABDUL,MONROY PÉREZ,+50220960679,3,1,1
ERICK ABDUL,RALDA MEJIA,+50287749905,2,1,1
SEBASTIAN EDGARDO,CASTAÑEDA HERNÁNDEZ,+50269410632,2,1,1
BRAYAN ESTIBEN,MICA PEREZ,+50282290957,1,1,1
ESDRAS BENJAMIN,JIMÉNEZ HERNÁNDEZ,+50231363556,1,1,1
CARLOS EDUARDO,ROSALES MEDINA,+50269566785,2,1,1
MOISES ANTONIO,VALDEZ GONZÁLEZ,+50260387383,1,1,1
RAMIRO AGUSTÍN,TZUNÚN YAX,+50238379549,3,1,1
KEVIN ORLANDO,MAZARIEGOS GARCÍA,+50221516004,1,1,1
LOPEZ LEMUS,CASTAÑEDA HERNÁNDEZ,+50280183387,3,1,1
JHONATAN JOSUÉ,REYES CASTILLO,+50230237263,2,1,1
MARÍA ISABEL,SAM PUM,+50236698202,1,1,1
JAVIER ANDRÉS,CASTAÑEDA HERNÁNDEZ,+50271878048,2,1,1
JUAN JOSÉ,ARCE GUZMAN,+50297162839,2,1,1
JESER OBDULIO,LIZAMA QUIÑONEZ,+50235487851,2,1,1
TOBÍAS FRANCISCO,SANDOVAL LÓPEZ,+50293819908,3,1,1
BRAYAN ESTIBEN,SECAIDA MOLINA,+50257990920,2,1,1
PEDRO LUIS,FUENTES OSOY,+50299452297,1,1,1
JOHNNY WHILLMAN,JOSE MANUEL,+50268629292,2,1,1
EDWIN AMAN,MONROY PÉREZ,+50278841256,1,1,1
LUIS CESAR,GODOY SALVATIERRA,+50297828562,3,14,2
EDUARDO ANDRÉS,RAMIREZ MAZARIEGOS,+50286880220,1,16,2
ALLAN JOSUÉ,DE LEÓN PACHECO,+50271192771,2,19,2
FRANCISCO DANIEL,CASTAÑEDA HERNÁNDEZ,+50234054673,3,21,2
ESDRAS BENJAMIN,FERNÁNDEZ CHACÓN,+50264066726,2,6,2
LOURDES PATRICIA,COLLADO GONZALEZ,+50281835978,3,2,2
ALLAN RICARDO,CASTAÑEDA HERNÁNDEZ,+50278568914,2,19,2
ALVARO ESAU,PÉREZ BENITO,+50258372264,1,21,2
KARLA ERNESTINA,SANDOVAL LÓPEZ,+50212552218,1,21,2
WILLIAM ADOLFO,JOSE MANUEL,+50226065622,3,7,2
JOHNNY WHILLMAN,CUEVAS TZÚN,+50263542743,1,7,3
SEBASTIAN EDGARDO,MARROQUIN ARANA,+50224025512,1,15,3
TOBÍAS FRANCISCO,HILARIO CHACÓN,+50259531497,3,13,3
RICHARD ALEXANDRO,ALDANA OSORIO,+50244655101,3,18,3
JOHNNY WHILLMAN,CAMBARA GARCIA,+50220852216,1,21,3
ALLAN RICARDO,DE LEÓN PACHECO,+50235069089,3,17,3
IVAN ALESSANDRO,ZAMORA POLANCO,+50223262352,2,3,3
KEVIN EDUARDO,CONDE HERNANDEZ,+50253600984,2,6,3
JOHATAN ERNESTO,PÉREZ BENITO,+50291989792,3,6,3
CARLOS JEZEH GEDEONI,FUENTES OSOY,+50279022247,2,21,3
EDUARDO ISMAEL,RAMIREZ MAZARIEGOS,+50229871063,1,12,4
ERICK ABDUL,SECAIDA MOLINA,+50299163314,3,10,4
KERVIN ADOLFO,MARROQUIN LLAMAS,+50282434030,2,10,4
CARLOS EDUARDO,RALDA MEJIA,+50230558677,3,21,4
ISAI,ROSALES MEDINA,+50287445872,3,4,4
ISAI,MORALES GIRÓN,+50242697862,3,9,4
JUAN JOSÉ,LLAMAS CALDERON,+50241047710,1,14,4
PEDRO LUIS,SANTIZO DÍAZ,+50280560547,2,10,4
WALTER JOSUE,LÓPEZ PIRIR,+50275267115,3,17,4
MAURICIO ANTONIO,SANDOVAL LÓPEZ,+50213747648,3,11,4
CARMEN MARIA,CHACON BARILLAS,+50242182251,1,16,5
DAMARIS MAGALI,MONROY PÉREZ,+50220897147,3,5,5
KARLA ERNESTINA,MONROY PÉREZ,+50227489962,1,9,5
KEVIN EDUARDO,PU TAVICO,+50272484075,2,4,5
RICHARD ALEXANDRO,GUTIÉRREZ VELÁSQUEZ,+50294673298,2,5,5
ESDRAS BENJAMIN,CHOCÓN GÓMEZ,+50217187616,3,14,5
JUAN SEBASTIAN,SANDOVAL LÓPEZ,+50298084691,1,4,5
JUAN SEBASTIAN,FERNÁNDEZ CHACÓN,+50272966756,2,7,5
LUIS CESAR,MARROQUIN LLAMAS,+50265457901,1,6,5
ESDRAS BENJAMIN,COLLADO GONZALEZ,+50273268807,1,14,5
VICTOR ABDIEL,ISMALEJ ROMAN,+50259926121,2,19,6
OSCAR FERNANDO,LLAMAS CALDERON,+50237939895,3,3,6
ALLAN JOSUÉ,GODOY SALVATIERRA,+50240375779,2,18,6
LOPEZ LEMUS,JIMÉNEZ HERNÁNDEZ,+50239078210,3,22,6
CARLOS EDUARDO,LUX JURACÁN,+50241195068,2,21,6
EDWIN,DE LEÓN PACHECO,+50265840420,1,18,6
KEVIN ESTUARDO,MURGA BARILLAS,+50298801975,2,16,6
PABLO DANIEL,LUX JURACÁN,+50262611276,1,4,6
SEBASTIAN EDGARDO,FUENTES OSOY,+50293150888,3,21,6
ISAI,VELÁSQUEZ RODAS,+50263507046,3,14,6
EDUARDO ISMAEL,MORALES GIRÓN,+50282528238,1,19,7
KEVIN ESTUARDO,FERNÁNDEZ CHACÓN,+50284374966,1,14,7
PABLO DANIEL,COTTO REVOLORIO,+50259788057,2,15,7
JONATHAN JOSUÉ,CASTAÑEDA HERNÁNDEZ,+50261845967,2,22,7
EDWIN AMAN,RALDA MEJIA,+50266613966,2,6,7
CARLOS ALEJANDRO,CARRERA AGUILAR,+50279502422,2,12,7
DIANA ESTEFANIA,LLAMAS CALDERON,+50266661693,3,21,7
ISAI,ARGUETA SALAZAR,+50215210829,3,12,7
JHONATAN JOSUÉ,MICA PEREZ,+50217267807,1,13,7
PEDRO LUIS,RAMIREZ MAZARIEGOS,+50213403445,1,17,7
PEDRO LUIS,CASTRO GUERRA,+50297720062,3,9,8
FRANCISCO DANIEL,GUTIÉRREZ VELÁSQUEZ,+50215828470,2,21,8
SERGIO SAUL,CUEVAS TZÚN,+50229199457,1,6,8
ESDRAS BENJAMIN,BARILLAS SOSA,+50280978019,3,4,8
LUIS CESAR,COLLADO GONZALEZ,+50262478065,3,19,8
KELLY ZUCETH,CAMBARA GARCIA,+50284684861,3,11,8
MAURICIO ANTONIO,JIMÉNEZ HERNÁNDEZ,+50284354886,2,17,8
WALTER JOSUE,SAM PUM,+50246731694,3,11,8
ALLAN JOSUÉ,VELÁSQUEZ RODAS,+50239970988,1,15,8
KELLY ZUCETH,GÓMEZ CÚN,+50268073638,2,17,8
LUIS CESAR,ISMALEJ ROMAN,+50269488986,1,14,9
KEVIN EDUARDO,MICA PEREZ,+50215862201,3,3,9
CARLOS EDUARDO,ARENAS GONZALEZ,+50211122120,2,17,9
JUAN SEBASTIAN,CONDE HERNANDEZ,+50298837909,3,14,9
EDWIN AMAN,CASTRO GUERRA,+50234286889,1,15,9
TOBÍAS FRANCISCO,SAM PUM,+50284337493,3,7,9
KARLA ERNESTINA,MARROQUIN ARANA,+50290692666,3,9,9
CARLOS ALEJANDRO,CASTRO GUERRA,+50244441986,3,5,9
MAURICIO ANTONIO,GÓMEZ CÚN,+50213499579,3,11,9
EDUARDO ISMAEL,DARDON MAYEN,+50270269934,1,5,9
CARLOS JEZEH GEDEONI,ISMALEJ ROMAN,+50224588773,2,18,10
KEVIN ESTUARDO,ROSALES MEDINA,+50279963191,1,18,10
JAVIER ANDRÉS,TÉLLES CARCUZ,+50246006622,2,19,10
EDWIN,ARENAS GONZALEZ,+50236137733,2,22,10
KEVIN ESTUARDO,JIMÉNEZ HERNÁNDEZ,+50299470276,3,11,10
JAVIER ANDRÉS,COLLADO GONZALEZ,+50298101188,2,9,10
MARÍA ISABEL,CHACON BARILLAS,+50236128517,3,4,10
CARMEN MARIA,MARROQUIN ARANA,+50290919279,1,15,10
WALTER JOSUE,RALDA MEJIA,+50298451295,2,19,10
WILLIAM ADOLFO,LUX JURACÁN,+50293639697,1,21,10
ALLAN JOSUÉ,PU TAVICO,+50237417415,2,13,11
LUIS FERNANDO,HILARIO CHACÓN,+50235239079,2,4,11
OSCAR EDUARDO,PU TAVICO,+50218346797,2,19,11
JUAN SEBASTIAN,DE LA CRUZ LOPEZ,+50227852769,2,21,11
KEVIN EDUARDO,ARGUETA SALAZAR,+50265796302,3,14,11
ALLAN RICARDO,LLAMAS CALDERON,+50295459975,3,16,11
MARÍA ISABEL,CHACON BARILLAS,+50254277192,2,11,11
LUIS EDUARDO,MARROQUIN ARANA,+50227434501,3,18,11
RUBÉN ALEJANDRO,LLAMAS CALDERON,+50249697227,1,13,11
DAMARIS MAGALI,TOSCANO PALACIOS,+50257697556,3,15,11
DAMARIS MAGALI,MURGA BARILLAS,+50269308970,1,7,12
OSCAR FERNANDO,CASTAÑEDA HERNÁNDEZ,+50251595320,1,6,12
RUBÉN ALEJANDRO,TOSCANO PALACIOS,+50220659900,3,13,12
SEBASTIAN EDGARDO,ZAMORA SANTOS,+50246273793,2,17,12
JONATHAN JOSUÉ,BARILLAS SOSA,+50231575265,2,20,12
TOBÍAS FRANCISCO,VELÁSQUEZ RODAS,+50235266152,1,3,12
BRAYAN ESTIBEN,VELÁSQUEZ RODAS,+50266257695,1,11,12
RIVER ANDERSON,GERARDI HERNÁNDEZ,+50223158107,1,15,12
SEBASTIAN EDGARDO,ARCE GUZMAN,+50217729766,3,11,12
SERGIO SAUL,GERARDI HERNÁNDEZ,+50225542268,3,15,12
RICHARD ALEXANDRO,DARDON MAYEN,+50274022448,3,18,13
KEVIN ESTUARDO,MICA PEREZ,+50273696175,2,17,13
ERICK ABDUL,GONZALEZ POLANCO,+50261654488,1,21,13
KARLA ERNESTINA,CARDONA RAMÍREZ,+50230081806,1,20,13
JOSÉ JAVIER,RALDA MEJIA,+50272420640,1,8,13
JESER OBDULIO,ALDANA OSORIO,+50291301635,1,15,13
CARLOS EDUARDO,TOSCANO PALACIOS,+50268738950,1,9,13
JOHNNY WHILLMAN,ZAMORA POLANCO,+50257710278,3,17,13
CARLOS ALEJANDRO,CASTRO GUERRA,+50272113012,1,17,13
JONATHAN JOSUÉ,MASAYA CORDOVA,+50225051130,2,21,13
KELLY ZUCETH,TZUNÚN YAX,+50261186711,2,3,14
ISAI,SANTIZO DÍAZ,+50245420461,2,4,14
ALLAN JOSUÉ,VELÁSQUEZ RODAS,+50299050674,2,20,14
JESER OBDULIO,CHACON BARILLAS,+50290782162,3,19,14
FRANCISCO DANIEL,CARRERA AGUILAR,+50299810609,2,16,14
BRIAN ESTUARDO,CARDONA RAMÍREZ,+50294493332,1,22,14
RICHARD ALEXANDRO,TÉLLES CARCUZ,+50250630851,2,15,14
CARMEN MARIA,TÉLLES CARCUZ,+50285256024,3,20,14
BRAYAN ESTIBEN,COLLADO GONZALEZ,+50274441307,2,13,14
CARMEN MARIA,SECAIDA MOLINA,+50289137973,1,14,14
JAVIER ANDRÉS,ALDANA OSORIO,+50261176538,3,7,15
ALVARO ESAU,DARDON MAYEN,+50240641695,1,16,15
KEVIN EDUARDO,CUEVAS TZÚN,+50223703602,3,20,15
CARLOS EDUARDO,ZAMORA POLANCO,+50262083090,2,22,15
BRAYAN ESTIBEN,GODOY SALVATIERRA,+50269769875,3,14,15
RICHARD ALEXANDRO,MARROQUIN LLAMAS,+50278501156,2,16,15
WALTER DANIEL,GUTIÉRREZ VELÁSQUEZ,+50225062809,2,10,15
LOPEZ LEMUS,MONROY PÉREZ,+50299567967,3,5,15
LUIS FERNANDO,CARRERA AGUILAR,+50256837399,1,6,15
OSCAR EDUARDO,FERNÁNDEZ CHACÓN,+50272908760,1,8,15
JONATHAN JOSUÉ,CARRERA AGUILAR,+50218862735,3,8,16
JUAN JOSÉ,ALDANA OSORIO,+50254072433,2,2,16
CARLOS JEZEH GEDEONI,GUTIÉRREZ VELÁSQUEZ,+50233232027,1,13,16
JOSÉ JAVIER,CAMBARA GARCIA,+50216876472,3,10,16
EDDY ALEJANDRO,MURGA BARILLAS,+50212416767,2,14,16
RICHARD ALEXANDRO,GÓMEZ RENDÓN,+50242519804,2,17,16
IVAN ALESSANDRO,ALDANA OSORIO,+50233661580,1,5,16
RUBÉN ALEJANDRO,LIZAMA QUIÑONEZ,+50210602319,3,13,16
PABLO DANIEL,JOSE MANUEL,+50295983542,3,22,16
ISAI,SAM PUM,+50256540352,1,14,16
OSCAR EDUARDO,TOSCANO PALACIOS,+50254506130,1,10,17
SERGIO SAUL,PU TAVICO,+50226828143,3,2,17
LUIS EDUARDO,MARROQUIN LLAMAS,+50267318703,1,6,17
ERICK ABDUL,AJUCHÁN TOCOCH,+50228314269,1,16,17
CARLOS ALEJANDRO,LUX JURACÁN,+50285624406,2,2,17
JORGE SEBASTIAN,RALDA MEJIA,+50237745965,2,9,17
LOPEZ LEMUS,TÉLLES CARCUZ,+50231285785,2,14,17
KARLA ERNESTINA,ISMALEJ ROMAN,+50250074719,1,2,17
ALVARO ESAU,PÉREZ BENITO,+50273100812,2,17,17
JOSUÉ ALEJANDRO,MASAYA CORDOVA,+50229757226,3,15,17
DIANA ESTEFANIA,VALDEZ GONZÁLEZ,+50291079488,2,8,18
BRIAN ESTUARDO,AJUCHÁN TOCOCH,+50219269645,2,21,18
LUIS EDUARDO,TÉLLES CARCUZ,+50298635264,1,11,18
KERVIN ADOLFO,MARROQUIN LLAMAS,+50212480878,3,10,18
PEDRO LUIS,TÉLLES CARCUZ,+50250387032,1,17,18
JOSUÉ ALEJANDRO,GONZALEZ POLANCO,+50214331124,3,19,18
MOISES ANTONIO,HILARIO CHACÓN,+50227292381,3,9,18
JOHATAN ERNESTO,FUENTES OSOY,+50240055357,3,5,18
MAURICIO ANTONIO,SANDOVAL LÓPEZ,+50219087918,2,9,18
KARLA ERNESTINA,MARROQUIN LLAMAS,+50219194909,3,22,18
CARLOS ALEJANDRO,GUTIÉRREZ VELÁSQUEZ,+50292664776,2,4,19
JOSÉ JAVIER,BERDUCIDO DOMINGO,+50297169224,1,3,19
RUBÉN ALEJANDRO,PÉREZ BENITO,+50266564645,1,18,19
ISAI,ARGUETA SALAZAR,+50219719369,1,4,19
JAVIER ANDRÉS,FUENTES OSOY,+50238714648,1,22,19
MAURICIO ANTONIO,GODOY SALVATIERRA,+50227260425,1,18,19
RUBÉN ALEJANDRO,GERARDI HERNÁNDEZ,+50236119548,1,3,19
LUIS FERNANDO,REYES CASTILLO,+50236286957,1,10,19
ALLAN RICARDO,TZUNÚN YAX,+50289235353,3,6,19
BRIAN ESTUARDO,GERARDI HERNÁNDEZ,+50210438931,3,20,19
LUIS EDUARDO,GONZALEZ POLANCO,+50230988344,3,21,20
JOSUÉ ALEJANDRO,RAMIREZ MAZARIEGOS,+50243365135,3,4,20
ISAI,COLLADO GONZALEZ,+50251725501,2,20,20
RICHARD ALEXANDRO,HIGUEROS DE LEÓN,+50287021817,3,4,20
JORGE SEBASTIAN,CONDE HERNANDEZ,+50220464884,2,2,20
EDWIN AMAN,MASAYA CORDOVA,+50239292482,1,22,20
JAVIER ANDRÉS,GÓMEZ RENDÓN,+50273884269,1,21,20
EDWIN AMAN,PERUCH DE LEÓN,+50298737640,1,17,20
KEVIN ORLANDO,ROSALES MEDINA,+50286119006,1,12,20
RAMIRO AGUSTÍN,MARROQUIN LLAMAS,+50242622116,3,2,20
LUIS FERNANDO,CASTRO GUERRA,+50255300390,1,7,21
LOURDES PATRICIA,CONDE HERNANDEZ,+50271756769,3,18,21
KEVIN ESTUARDO,ISMALEJ ROMAN,+50231771817,1,6,21
LUIS FERNANDO,ZAMORA POLANCO,+50235452684,1,6,21
PEDRO LUIS,TOSCANO PALACIOS,+50210148494,2,10,21
JOSÉ JAVIER,CASTAÑEDA HERNÁNDEZ,+50287181074,1,11,21
JONNATHAN ALEXANDER,MORALES GIRÓN,+50226294956,3,14,21
JONNATHAN ALEXANDER,SANTIZO DÍAZ,+50227485276,3,4,21
CARMEN MARIA,HILARIO CHACÓN,+50228983346,2,10,21
JUAN SEBASTIAN,LUX JURACÁN,+50296881246,1,5,21
JONATHAN JOSUÉ,SANTIZO DÍAZ,+50283714870,2,20,22
JHONATAN JOSUÉ,ARGUETA SALAZAR,+50249237986,3,16,22
JOSUÉ ALEJANDRO,GONZALEZ POLANCO,+50249553836,2,7,22
ALLAN RICARDO,JOSE MANUEL,+50258866776,3,7,22
LUISA DANIELA,RALDA MEJIA,+50239179481,3,21,22
KELLY ZUCETH,TZUNÚN YAX,+50292513906,1,5,22
WALTER DANIEL,DE LEÓN PACHECO,+50219006620,2,7,22
KERVIN ADOLFO,SECAIDA MOLINA,+50291371135,2,13,22
VICTOR ABDIEL,CHACON BARILLAS,+50225850129,2,19,22
ISAI,COLLADO GONZALEZ,+50278405344,1,22,22
MOISES ANTONIO,HIGUEROS DE LEÓN,+50238167984,1,7,23
FRANCISCO DANIEL,PERUCH DE LEÓN,+50262692574,1,7,23
MAURICIO ANTONIO,CARDONA RAMÍREZ,+50218818614,1,15,23
MANOLO RICARDO,REYES CASTILLO,+50256137540,1,3,23
ISAI,CHACON BARILLAS,+50238781101,2,9,23
LUISA DANIELA,COTTO REVOLORIO,+50287515770,1,4,23
RUBÉN ALEJANDRO,ZAMORA POLANCO,+50284791184,1,16,23
DIANA ESTEFANIA,RALDA MEJIA,+50274929956,2,4,23
WALTER DANIEL,ISMALEJ ROMAN,+50239223269,2,11,23
JORGE SEBASTIAN,MURGA BARILLAS,+50285871334,3,2,23
